{
    "accuracy": 98.1,
    "fpr": [
        0.0,
        0.004136504653567736,
        1.0
    ],
    "tpr": [
        0.0,
        0.5454545454545454,
        1.0
    ]
}