{
    "accuracy": 98.35000000000001,
    "fpr": [
        0.0,
        0.0036344755970924196,
        1.0
    ],
    "tpr": [
        0.0,
        0.6486486486486487,
        1.0
    ]
}